{
    "3aib_c": -0.17144253285589817,
    "4h2oglt_c": -0.17688015902141685,
    "nac_c": 0.9567009649714737,
    "3mob_c": 0.39305007528706914,
    "C06199_l": -0.8504236721050851,
    "5hoxindoa_c": -0.0931873912800798,
    "gly_m": -0.7182144497039569,
    "dhdascb_c": 0.15740358800021315,
    "pac_m": -0.13132520554855986,
    "ser_L_x": -0.7436548597594108,
    "oaa_x": -0.01585806986682825,
    "acgam_l": -0.006019783460619266,
    "orn_m": 0.11955061087812413,
    "3hmp_m": 10.0,
    "cys_L_m": -0.3249867020242223,
    "pro_D_l": -0.9991790633947486,
    "6pgc_c": -0.17758524456650537,
    "hxan_e": 1.8542115007203743,
    "sphs1p_e": 0.7269597597624315,
    "ivcrn_c": -0.26939770994309176,
    "adrnl_e": 7.5257201943798115,
    "tyr_L_l": -1.0802510851413487,
    "carn_c": -0.6634200643081802,
    "L2aadp6sa_m": -0.01571565304802114,
    "3mop_m": -0.19723873005962367,
    "im4ac_c": -1.4973734431131622,
    "pmtcrn_m": -0.11335856559886581,
    "1p2cbxl_x": -0.033945515744099986,
    "fru_e": -5.785045727554111,
    "gln_L_e": 0.17805495291931805,
    "HC02024_r": 0.21944561434930754,
    "acnam_l": -0.055588618745529894,
    "hyptaur_c": 1.4520254676212234,
    "glyclt_x": -0.2081962395284951,
    "andrstndn_c": -0.39124701445435384,
    "arg_L_e": 0.019930159787638457,
    "pser_L_c": -0.09711360267768865,
    "5htrp_e": -0.4769966608576386,
    "hom_L_e": -0.5996447673018939,
    "glu_L_r": -3.2687970444418104,
    "inost_r": 0.15110832541951202,
    "sphings_r": 0.43140684978745214,
    "glcur_c": -2.586343165336315,
    "chsterol_n": 0.3230341948348976,
    "c4crn_m": 0.14635479832558973,
    "bz_r": -0.18441732058949922,
    "cit_c": 0.4126524807426757,
    "dchac_r": 0.46533797749315964,
    "dhap_x": -0.07090015153740548,
    "ru5p_D_c": -0.1821658721780166,
    "met_L_m": -0.013276983149171473,
    "ddeccrn_m": 0.4782969289877983,
    "thm_e": -0.1725554052521785,
    "4mop_c": 1.8616860426236976,
    "Lpipecol_x": -4.6278214516827445,
    "gal_c": -0.7004629799487705,
    "chol_m": -0.24083062542450873,
    "ipdp_c": 0.0760713798185031,
    "rbt_e": -0.2829932913861184,
    "Lcystin_c": -0.17964050240294416,
    "C01507_c": -3.975444199202367,
    "hdcea_e": 0.7676688854357825,
    "anth_e": -0.8017615581278725,
    "citr_L_m": 0.05659070056901094,
    "C10164_c": -0.48987514462379034,
    "C02356_c": 1.4437961702854905,
    "ttdcrn_c": 1.1089316220151217,
    "lys_L_m": -0.636398400294242,
    "pram_c": -0.1028422785349381,
    "arab_L_c": -1.6082650186747145,
    "sarcs_m": 0.9217531219452773,
    "val_L_e": -0.405613240679185,
    "glyc_c": 0.3603092427940102,
    "5oxpro_e": -0.9014969493059841,
    "glyald_m": 0.06504451410639267,
    "oxa_c": -0.11087293941719789,
    "CE6205_c": -0.499738254323538,
    "lac_D_c": 1.176721916883237,
    "srb_L_c": -2.2899773202651508,
    "aact_m": 0.22554144552093436,
    "ala_D_c": -0.6353004765803787,
    "succ_r": -0.14925577002202517,
    "CE2537_c": -1.1917757354987986,
    "crn_e": 0.07088683540011642,
    "4hpro_LT_r": -0.009003402068687771,
    "urea_m": 0.39295483439324785,
    "pchol_hs_c": -1.044130362504967,
    "c8crn_x": -0.5372543084094037,
    "dmnoncrn_x": -0.13512320011280377,
    "urate_e": 0.16860798622972628,
    "g6p_r": -0.1232605651159624,
    "leu_L_m": 0.16720957883082121,
    "ttdcea_c": -1.0242486290810078,
    "acrn_x": -0.14068789880821142,
    "glc_D_c": -1.0247981370768309,
    "rib_D_c": -1.2146870174021713,
    "ocdca_c": 0.48350784046579176,
    "c6crn_x": 0.18133193312715679,
    "pyr_m": 3.3702596746912823,
    "glx_m": -0.29194492551178763,
    "akg_c": -0.004603599850454332,
    "ttdca_e": 0.16176697445046195,
    "g3p_c": 0.07563305748472815,
    "ile_L_e": 0.15468692713767918,
    "12ppd_R_c": 0.020272974436371882,
    "thrnt_c": 0.3215601617651065,
    "fum_m": 0.36744827359457655,
    "C01601_c": -0.6223805172249781,
    "stcrn_m": 1.3993437147629475,
    "lnlccrn_m": 0.938915500751691,
    "creat_m": 0.09510489754919282,
    "2mcacn_c": 0.003907395851878048,
    "lneldc_e": -0.09363686480159994,
    "gcald_c": 0.13487782563458994,
    "hdd2crn_c": 1.246138251189152,
    "trp_L_c": -0.18849119805490133,
    "xylt_e": -0.5176556362919267,
    "fuc_L_e": -0.642431206682019,
    "vacccrn_m": 1.569291190600861,
    "gua_e": -0.5595897250454458,
    "thr_L_e": -0.797791517961721,
    "25hvitd3_c": 0.8072779173320115,
    "asn_L_c": 0.4475279527914402,
    "pcollg5hlys_c": -0.07981304163957992,
    "2coum_c": -1.078649811157082,
    "c10crn_e": -0.29121290425348567,
    "ocdcea_r": 0.635620538527693,
    "gudac_c": -0.08276439441979488,
    "asp_D_e": -1.6720992233594973,
    "bilirub_r": 1.140721426514193,
    "prgstrn_e": -0.33906746598258075,
    "cyst_L_m": 1.2448736610916735,
    "phe_L_l": -0.4385427758941043,
    "ura_c": 0.1157378709796466
}
